{
  "Format": "2.0.0",

  "ConfigSchema": {
    "QuestLetterFrom": {
      "AllowValues": "Pam, Penny",
      "Default": "Pam"
    },
    "DebugMode_ForceNewQuestLetter": {
      "AllowValues": "true, false",
      "Default": "false"
    }
  },

  "DynamicTokens": [
    //Boolean for replacing OG mail data
    {
      "Name": "ReplaceOriginalMail",
      "Value": "true" //Always replace if OG mail never read, also replace if it was read but event 67210001 was seen prior to reading the mail
    },
    {
      "Name": "ReplaceOriginalMail",
      "Value": "false",
      "When": {
        "HasReadLetter": "summer_14_1",
        "HasSeenEvent": "67210002" //This event id adds the new mail, and is a precondition for e 67210003 to wipe the old quest immediately after
      }
    }
  ],

  "Changes": [
  //LANGUAGE-INVARIANT
    {
      "LogName": "Change Pam Is Thirsty quest objective",
      "Action": "EditData",
      "Target": "Data/Quests",
      "Fields": {
        "103": {
          4: "Pam 350" //This makes the quest accept juice instead.
        }
      }
      //When: Always (if they have the old quest, events to remove it should immediately trigger anyways)
    },
    {
      "LogName": "Add tracking flags and invisible event triggers",
      "Action": "EditData",
      "Target": "Data/Events/FarmHouse",
      "Entries": {

        //Flag for not having read the OG mail
        "67210001/k 67210002/l summer_14_1/j 41/x 6721DontEnablePam_Replace%&NL&%": "null", //Silent event (mail with %&NL&% adds no letter)
        
        //Flag for having already read the OG mail
        "67210002/k 67210001/n summer_14_1/x 6721DontEnablePam_NewMail true": "null", //Silent event, puts new letter in your mailbox immediately
        
        //Mini event that removes the quest if you read the OG mail
        "67210003/e 67210002": "continue/-1000 -1000/farmer 100 100 2/removeQuest 103/fade unfade/end" //Removes old version from your quest log
      }
    },
    {
      "LogName": "Debug mode to force new quest letter",
      "Action": "EditData",
      "Target": "Data/Events/FarmHouse",
      "Entries": {
        //No pre-requisite version of 67210002 to add new mail (and trigger 67210003 old quest removal) 
        "67210002/x 6721DontEnablePam_NewMail true": "null" //Silent event, puts new letter in your mailbox immediately
      },
      "When": {
        "DebugMode_ForceNewQuestLetter": "true"
      }
    },
    
  //ENGLISH
    {
      "Action": "Include",
      "FromFile": "assets/i18n/default.json",
      "When": {
        "HasFile:i18n/{{language}}.json": false
      }
    },

  //OTHER LANGUAGES
    {
      "Action": "Include",
      "FromFile": "assets/i18n/{{language}}.json",
      "When": {
        "HasFile:{{FromFile}}": true
      }
    }
  ]
}